년월,거래처,매출액,환불액,수금액,미수금,입력일시,담당자,is_anomaly
2024-01,거래처001,1128037,33777,1094260,0,2024-01-09 14:15:00,김팀장,False
2024-01,거래처002,4167168,49367,4117801,0,2024-01-13 16:45:00,최사원,False
2024-01,거래처003,4439100,79616,4359484,0,2024-01-19 13:37:00,이과장,False
2024-01,거래처006,3788242,77624,3710618,0,2024-01-11 11:04:00,김팀장,False
2024-01,거래처007,2342679,44848,2297831,0,2024-01-18 16:30:00,이과장,False
2024-01,거래처008,4589984,117355,2236314,2236315,2024-01-10 16:22:00,박대리,False
2024-01,거래처011,3467129,95442,3371687,0,2024-01-18 17:24:00,최사원,False
2024-01,거래처011,100736651,2014733,98721918,0,2024-01-01 11:00:00,최사원,True
2024-01,거래처012,3529907,47288,3482619,0,2024-01-09 16:03:00,김팀장,False
2024-01,거래처013,4245510,123789,4121721,0,2024-01-04 13:24:00,최사원,False
2024-01,거래처014,1369137,17583,1351554,0,2024-01-17 12:41:00,이과장,False
2024-01,거래처015,1028114,30614,997500,0,2024-01-05 11:23:00,김팀장,False
2024-01,거래처016,2910663,35115,2875548,0,2024-01-09 15:09:00,김팀장,False
2024-01,거래처016,46801610,936032,9360322,36505256,2024-01-04 09:30:00,유실무,True
2024-01,거래처017,3014915,47853,2967062,0,2024-01-05 14:57:00,박대리,False
2024-01,거래처018,1535123,43501,1491622,0,2024-01-01 11:10:00,유실무,False
2024-01,거래처019,2555735,55428,2500307,0,2024-01-08 12:28:00,이과장,False
2024-01,거래처020,2882698,43873,2838825,0,2024-01-01 17:23:00,최사원,False
2024-01,거래처021,4089729,97695,3992034,0,2024-01-04 09:56:00,유실무,False
2024-01,거래처021,516533,10330,506203,0,2024-01-16 13:45:00,유실무,True
2024-01,거래처022,4593469,95167,4498302,0,2024-01-07 11:12:00,최사원,False
2024-01,거래처023,3166747,68816,3097931,0,2024-01-08 17:11:00,유실무,False
2024-01,거래처024,3596172,100127,3496045,0,2024-01-05 16:07:00,박대리,False
2024-01,거래처026,4224516,72768,2075874,2075874,2024-01-19 09:13:00,이과장,False
2024-01,거래처026,1673237,33464,1171265,468508,2024-01-11 16:00:00,이과장,True
2024-01,거래처027,2453066,67866,2385200,0,2024-01-18 16:57:00,최사원,False
2024-01,거래처028,2818776,47857,2770919,0,2024-01-01 10:30:00,박대리,False
2024-01,거래처029,3072124,90003,2982121,0,2024-01-19 12:33:00,유실무,False
2024-01,거래처030,3361474,41329,3320145,0,2024-01-08 11:10:00,이과장,False
2024-01,거래처031,4514038,97357,4416681,0,2024-01-19 15:06:00,이과장,False
2024-01,거래처032,1965314,55161,1910153,0,2024-01-17 15:15:00,이과장,False
2024-01,거래처033,2194885,49040,2145845,0,2024-01-17 15:37:00,유실무,False
2024-01,거래처034,1249741,21427,1228314,0,2024-01-02 14:20:00,유실무,False
2024-01,거래처035,3558986,36716,3522270,0,2024-01-08 09:57:00,최사원,False
2024-01,거래처036,4416019,56272,4359747,0,2024-01-15 13:52:00,유실무,False
2024-01,거래처037,3450219,50398,3399821,0,2024-01-16 17:59:00,유실무,False
2024-01,거래처038,3522249,71773,3450476,0,2024-01-06 13:37:00,최사원,False
2024-01,거래처039,4951352,52316,4899036,0,2024-01-14 10:49:00,이과장,False
2024-01,거래처040,4200303,61472,4138831,0,2024-01-15 16:16:00,박대리,False
2024-01,거래처041,1962460,30582,965939,965939,2024-01-04 13:02:00,유실무,False
2024-01,거래처042,3075950,53388,3022562,0,2024-01-12 12:53:00,최사원,False
2024-01,거래처043,3554333,92917,3461416,0,2024-01-20 09:54:00,이과장,False
2024-01,거래처044,1220448,22646,1197802,0,2024-01-19 17:45:00,김팀장,False
2024-01,거래처045,2693283,32723,2660560,0,2024-01-14 11:15:00,박대리,False
2024-01,거래처047,1629929,37629,796150,796150,2024-01-20 17:49:00,김팀장,False
2024-01,거래처048,3059242,52668,3006574,0,2024-01-16 12:19:00,박대리,False
2024-01,거래처049,3086139,42923,1521608,1521608,2024-01-08 12:53:00,유실무,False
2024-01,거래처050,1640431,40714,1599717,0,2024-01-20 11:36:00,이과장,False
2024-02,거래처001,4500772,133380,4367392,0,2024-02-04 17:19:00,이과장,False
2024-02,거래처002,1092389,25149,1067240,0,2024-02-16 16:05:00,박대리,False
2024-02,거래처003,4696719,118599,4578120,0,2024-02-01 11:24:00,최사원,False
2024-02,거래처004,3254562,57289,3197273,0,2024-02-05 09:52:00,박대리,False
2024-02,거래처005,2235150,43011,2192139,0,2024-02-04 10:28:00,김팀장,False
2024-02,거래처006,4520294,102133,4418161,0,2024-02-14 15:25:00,이과장,False
2024-02,거래처007,1412902,16009,1396893,0,2024-02-19 15:00:00,김팀장,False
2024-02,거래처008,4388758,94497,4294261,0,2024-02-20 09:28:00,김팀장,False
2024-02,거래처009,2283123,25843,2257280,0,2024-02-05 16:14:00,유실무,False
2024-02,거래처010,3531007,46991,3484016,0,2024-02-04 17:24:00,이과장,False
2024-02,거래처011,1179408,26342,1153066,0,2024-02-16 16:14:00,유실무,False
2024-02,거래처012,1053965,14829,1039136,0,2024-02-19 14:22:00,김팀장,False
2024-02,거래처012,103613874,2072277,101541597,0,2024-02-01 11:00:00,유실무,True
2024-02,거래처013,2718747,71140,2647607,0,2024-02-13 17:59:00,박대리,False
2024-02,거래처014,2597338,27783,2569555,0,2024-02-08 11:38:00,박대리,False
2024-02,거래처015,1173659,22523,1151136,0,2024-02-06 11:33:00,김팀장,False
2024-02,거래처016,2591467,50382,2541085,0,2024-02-06 13:25:00,박대리,False
2024-02,거래처017,4969563,130151,4839412,0,2024-02-19 09:26:00,이과장,False
2024-02,거래처017,43863497,877269,8772699,34213529,2024-02-07 09:30:00,박대리,True
2024-02,거래처018,4317588,119064,4198524,0,2024-02-01 15:34:00,김팀장,False
2024-02,거래처019,4792692,92008,4700684,0,2024-02-13 16:38:00,유실무,False
2024-02,거래처020,4847251,76171,4771080,0,2024-02-07 13:23:00,유실무,False
2024-02,거래처021,3932118,85993,3846125,0,2024-02-11 14:09:00,유실무,False
2024-02,거래처021,9710807,194216,9516591,0,2024-02-01 13:45:00,박대리,True
2024-02,거래처022,2333929,61387,2272542,0,2024-02-14 15:29:00,박대리,False
2024-02,거래처022,346657,6933,339724,0,2024-02-08 13:45:00,박대리,True
2024-02,거래처024,4521268,98458,4422810,0,2024-02-11 13:48:00,유실무,False
2024-02,거래처025,2537168,45639,1245764,1245765,2024-02-11 13:57:00,최사원,False
2024-02,거래처026,1844579,47448,1797131,0,2024-02-03 14:29:00,박대리,False
2024-02,거래처026,8366185,167323,5856329,2342533,2024-02-19 16:00:00,유실무,True
2024-02,거래처027,1961700,25806,1935894,0,2024-02-17 17:28:00,박대리,False
2024-02,거래처027,1458006,29160,1020604,408242,2024-02-14 16:00:00,최사원,True
2024-02,거래처029,1145026,17990,1127036,0,2024-02-10 13:36:00,유실무,False
2024-02,거래처030,4830952,51833,4779119,0,2024-02-07 12:46:00,이과장,False
2024-02,거래처031,4251560,69953,2090803,2090804,2024-02-17 14:02:00,최사원,False
2024-02,거래처032,2145954,31769,2114185,0,2024-02-12 17:21:00,유실무,False
2024-02,거래처033,4917370,91487,4825883,0,2024-02-06 17:42:00,이과장,False
2024-02,거래처036,4950347,50493,4899854,0,2024-02-01 13:23:00,유실무,False
2024-02,거래처037,2296587,64480,2232107,0,2024-02-01 10:38:00,유실무,False
2024-02,거래처038,2742714,57087,2685627,0,2024-02-02 15:36:00,박대리,False
2024-02,거래처039,1957330,22843,1934487,0,2024-02-06 13:38:00,유실무,False
2024-02,거래처040,2615346,27163,2588183,0,2024-02-19 16:21:00,최사원,False
2024-02,거래처041,3355472,38132,3317340,0,2024-02-12 17:30:00,김팀장,False
2024-02,거래처042,2439912,66613,2373299,0,2024-02-03 09:39:00,최사원,False
2024-02,거래처043,4501196,92030,4409166,0,2024-02-02 14:17:00,이과장,False
2024-02,거래처044,4205765,53773,4151992,0,2024-02-15 16:58:00,최사원,False
2024-02,거래처046,3490741,68437,3422304,0,2024-02-09 09:53:00,박대리,False
2024-02,거래처047,1801555,36227,1765328,0,2024-02-14 09:04:00,유실무,False
2024-02,거래처048,4477464,58885,4418579,0,2024-02-19 13:03:00,박대리,False
2024-02,거래처049,2738426,76156,1331135,1331135,2024-02-13 09:32:00,박대리,False
2024-03,거래처001,2408317,33726,1187295,1187296,2024-03-11 11:30:00,김팀장,False
2024-03,거래처002,1061371,31587,1029784,0,2024-03-01 12:44:00,이과장,False
2024-03,거래처003,1617240,28881,1588359,0,2024-03-20 10:04:00,최사원,False
2024-03,거래처004,2706535,60877,2645658,0,2024-03-03 11:42:00,이과장,False
2024-03,거래처005,3576206,58753,3517453,0,2024-03-07 09:58:00,최사원,False
2024-03,거래처006,2988305,66354,2921951,0,2024-03-07 14:08:00,유실무,False
2024-03,거래처007,4498280,110813,4387467,0,2024-03-08 14:41:00,박대리,False
2024-03,거래처008,3007374,70512,2936862,0,2024-03-20 12:03:00,이과장,False
2024-03,거래처009,4380163,70104,2155029,2155030,2024-03-04 09:28:00,김팀장,False
2024-03,거래처010,3335397,60794,3274603,0,2024-03-19 16:06:00,유실무,False
2024-03,거래처011,1740316,40347,1699969,0,2024-03-01 11:36:00,최사원,False
2024-03,거래처013,2026205,43655,1982550,0,2024-03-08 10:07:00,최사원,False
2024-03,거래처013,92887863,1857757,91030106,0,2024-03-07 11:00:00,최사원,True
2024-03,거래처014,3532955,66554,3466401,0,2024-03-20 17:51:00,유실무,False
2024-03,거래처015,2780640,39146,2741494,0,2024-03-07 12:32:00,최사원,False
2024-03,거래처016,2157662,53948,2103714,0,2024-03-10 15:12:00,유실무,False
2024-03,거래처017,1197997,29350,1168647,0,2024-03-19 11:52:00,박대리,False
2024-03,거래처018,30677319,613546,6135463,23928310,2024-03-08 09:30:00,유실무,True
2024-03,거래처019,3830458,45093,3785365,0,2024-03-03 12:57:00,최사원,False
2024-03,거래처021,4585757,118090,4467667,0,2024-03-20 15:15:00,이과장,False
2024-03,거래처022,2932487,72616,2859871,0,2024-03-20 12:15:00,박대리,False
2024-03,거래처022,9432703,188654,9244049,0,2024-03-13 13:45:00,박대리,True
2024-03,거래처023,1074566,31109,1043457,0,2024-03-12 14:01:00,유실무,False
2024-03,거래처023,475225,9504,465721,0,2024-03-03 13:45:00,김팀장,True
2024-03,거래처024,2800797,53606,2747191,0,2024-03-03 15:45:00,박대리,False
2024-03,거래처025,4820991,125631,4695360,0,2024-03-14 16:18:00,유실무,False
2024-03,거래처027,2634472,44388,2590084,0,2024-03-18 17:38:00,최사원,False
2024-03,거래처027,7290030,145800,5103021,2041209,2024-03-14 16:00:00,이과장,True
2024-03,거래처028,1916495,38329,1341546,536620,2024-03-15 16:00:00,최사원,True
2024-03,거래처029,4297152,99377,2098887,2098888,2024-03-19 16:07:00,김팀장,False
2024-03,거래처032,2124852,46895,2077957,0,2024-03-01 10:48:00,최사원,False
2024-03,거래처033,2197400,26955,2170445,0,2024-03-03 14:04:00,유실무,False
2024-03,거래처034,2371075,42069,2329006,0,2024-03-19 10:11:00,유실무,False
2024-03,거래처035,4728011,102631,4625380,0,2024-03-13 13:45:00,이과장,False
2024-03,거래처036,2842368,84785,2757583,0,2024-03-08 16:54:00,박대리,False
2024-03,거래처037,4986721,115062,4871659,0,2024-03-03 13:05:00,유실무,False
2024-03,거래처038,2501117,59432,2441685,0,2024-03-19 09:21:00,이과장,False
2024-03,거래처039,4539058,127584,4411474,0,2024-03-08 16:33:00,박대리,False
2024-03,거래처040,1300033,17878,1282155,0,2024-03-07 14:27:00,유실무,False
2024-03,거래처041,2597094,77391,2519703,0,2024-03-02 14:49:00,이과장,False
2024-03,거래처042,4202674,75721,4126953,0,2024-03-12 11:35:00,이과장,False
2024-03,거래처044,2897503,35897,2861606,0,2024-03-04 09:10:00,김팀장,False
2024-03,거래처045,1574368,24065,1550303,0,2024-03-01 14:46:00,최사원,False
2024-03,거래처046,2429320,72025,2357295,0,2024-03-17 09:32:00,유실무,False
2024-03,거래처047,4568937,128914,4440023,0,2024-03-15 12:04:00,박대리,False
2024-03,거래처048,2760574,74120,2686454,0,2024-03-14 17:38:00,최사원,False
2024-03,거래처049,3746739,39512,1853613,1853614,2024-03-01 17:33:00,박대리,False
2024-03,거래처050,1490998,41355,1449643,0,2024-03-20 16:59:00,이과장,False
2024-04,거래처001,2978509,67213,2911296,0,2024-04-16 11:47:00,최사원,False
2024-04,거래처002,2638461,42819,2595642,0,2024-04-19 17:58:00,김팀장,False
2024-04,거래처003,3978722,52673,1963024,1963025,2024-04-01 10:46:00,유실무,False
2024-04,거래처004,4252563,122207,4130356,0,2024-04-09 17:46:00,최사원,False
2024-04,거래처005,4667378,54840,4612538,0,2024-04-05 09:26:00,이과장,False
2024-04,거래처006,1119189,24780,1094409,0,2024-04-02 16:38:00,최사원,False
2024-04,거래처006,3299622,858110,2441512,0,2024-04-06 10:15:00,유실무,True
2024-04,거래처007,4985189,119831,4865358,0,2024-04-02 16:05:00,박대리,False
2024-04,거래처008,4074758,45389,4029369,0,2024-04-11 16:31:00,박대리,False
2024-04,거래처009,1183589,23606,1159983,0,2024-04-05 11:10:00,김팀장,False
2024-04,거래처010,2672660,80006,2592654,0,2024-04-04 14:57:00,박대리,False
2024-04,거래처011,4785456,107856,4677600,0,2024-04-06 10:10:00,이과장,False
2024-04,거래처012,4945323,56221,4889102,0,2024-04-02 17:04:00,유실무,False
2024-04,거래처013,4181095,92358,4088737,0,2024-04-02 16:33:00,최사원,False
2024-04,거래처014,4750846,66121,4684725,0,2024-04-12 14:36:00,유실무,False
2024-04,거래처014,116393666,2327873,114065793,0,2024-04-12 11:00:00,이과장,True
2024-04,거래처015,3704140,72370,3631770,0,2024-04-19 14:58:00,이과장,False
2024-04,거래처016,2494911,61379,2433532,0,2024-04-10 12:25:00,유실무,False
2024-04,거래처017,2172197,27702,2144495,0,2024-04-10 16:55:00,최사원,False
2024-04,거래처018,3649536,109043,3540493,0,2024-04-09 15:49:00,박대리,False
2024-04,거래처019,4227826,86577,4141249,0,2024-04-07 10:16:00,유실무,False
2024-04,거래처019,35153251,703065,7030650,27419536,2024-04-04 09:30:00,최사원,True
2024-04,거래처020,1005940,10422,497759,497759,2024-04-01 14:33:00,김팀장,False
2024-04,거래처021,2950721,80431,2870290,0,2024-04-13 09:18:00,박대리,False
2024-04,거래처022,2640397,61915,1289241,1289241,2024-04-13 12:39:00,이과장,False
2024-04,거래처023,4118946,52278,4066668,0,2024-04-06 15:32:00,김팀장,False
2024-04,거래처023,9319740,186394,9133346,0,2024-04-09 13:45:00,유실무,True
2024-04,거래처024,1229540,20545,1208995,0,2024-04-20 10:32:00,최사원,False
2024-04,거래처024,459206,9184,450022,0,2024-04-14 13:45:00,김팀장,True
2024-04,거래처025,1400030,32864,1367166,0,2024-04-17 11:50:00,최사원,False
2024-04,거래처026,4825658,102355,4723303,0,2024-04-10 14:01:00,이과장,False
2024-04,거래처027,2959521,80252,2879269,0,2024-04-19 10:17:00,이과장,False
2024-04,거래처028,3320338,74094,3246244,0,2024-04-19 13:13:00,최사원,False
2024-04,거래처028,7665980,153319,5366186,2146475,2024-04-07 16:00:00,박대리,True
2024-04,거래처029,3933247,74729,3858518,0,2024-04-20 14:00:00,박대리,False
2024-04,거래처029,1659307,33186,1161514,464607,2024-04-17 16:00:00,이과장,True
2024-04,거래처030,2052063,42735,2009328,0,2024-04-15 13:54:00,김팀장,False
2024-04,거래처031,3338841,35166,3303675,0,2024-04-09 16:45:00,유실무,False
2024-04,거래처033,2938764,39266,2899498,0,2024-04-12 17:10:00,박대리,False
2024-04,거래처034,3853015,93344,3759671,0,2024-04-19 11:05:00,유실무,False
2024-04,거래처035,1877423,50121,1827302,0,2024-04-20 14:09:00,박대리,False
2024-04,거래처036,4976077,97335,4878742,0,2024-04-14 13:33:00,이과장,False
2024-04,거래처037,4782326,67201,4715125,0,2024-04-16 17:49:00,김팀장,False
2024-04,거래처038,2147208,35592,2111616,0,2024-04-03 15:01:00,최사원,False
2024-04,거래처039,2464392,46754,2417638,0,2024-04-17 16:13:00,김팀장,False
2024-04,거래처040,2581886,67798,2514088,0,2024-04-11 16:03:00,유실무,False
2024-04,거래처041,2922489,83481,2839008,0,2024-04-12 11:53:00,이과장,False
2024-04,거래처043,4531617,83885,4447732,0,2024-04-03 14:26:00,최사원,False
2024-04,거래처044,1424899,19727,1405172,0,2024-04-04 15:01:00,유실무,False
2024-04,거래처045,4205133,48788,2078172,2078173,2024-04-18 17:38:00,최사원,False
2024-04,거래처046,2821060,53469,2767591,0,2024-04-10 14:15:00,박대리,False
2024-04,거래처047,2715284,66281,2649003,0,2024-04-08 11:32:00,최사원,False
2024-04,거래처048,3646958,102134,3544824,0,2024-04-13 09:37:00,최사원,False
2024-04,거래처049,1595119,40963,777078,777078,2024-04-16 10:52:00,박대리,False
2024-04,거래처050,1170693,12756,1157937,0,2024-04-20 10:05:00,유실무,False
2024-05,거래처001,1495853,37099,1458754,0,2024-05-18 10:46:00,유실무,False
2024-05,거래처002,4077127,102678,3974449,0,2024-05-01 16:29:00,박대리,False
2024-05,거래처003,3621111,37643,3583468,0,2024-05-04 11:55:00,유실무,False
2024-05,거래처004,4765480,109523,4655957,0,2024-05-10 11:34:00,최사원,False
2024-05,거래처005,3426835,34528,3392307,0,2024-05-05 09:50:00,박대리,False
2024-05,거래처006,2100008,52955,2047053,0,2024-05-20 11:51:00,김팀장,False
2024-05,거래처007,1830056,43822,1786234,0,2024-05-01 11:22:00,박대리,False
2024-05,거래처008,4903230,119956,4783274,0,2024-05-20 15:10:00,이과장,False
2024-05,거래처009,1036715,16630,1020085,0,2024-05-10 16:06:00,박대리,False
2024-05,거래처010,1192158,18757,1173401,0,2024-05-13 10:21:00,유실무,False
2024-05,거래처012,4849781,52386,4797395,0,2024-05-10 13:54:00,최사원,False
2024-05,거래처013,1044503,22850,1021653,0,2024-05-19 14:03:00,이과장,False
2024-05,거래처014,4537405,87775,4449630,0,2024-05-12 14:09:00,이과장,False
2024-05,거래처015,2749546,57770,1345888,1345888,2024-05-12 09:58:00,유실무,False
2024-05,거래처015,102304245,2046084,100258161,0,2024-05-12 11:00:00,박대리,True
2024-05,거래처017,4912781,59277,2426752,2426752,2024-05-12 14:34:00,김팀장,False
2024-05,거래처018,1568236,20714,773761,773761,2024-05-19 17:30:00,유실무,False
2024-05,거래처019,2601088,51920,2549168,0,2024-05-07 13:11:00,김팀장,False
2024-05,거래처020,1129204,29648,1099556,0,2024-05-05 17:35:00,유실무,False
2024-05,거래처020,42721378,854427,8544275,33322676,2024-05-20 09:30:00,유실무,True
2024-05,거래처021,2216069,54757,2161312,0,2024-05-03 09:07:00,이과장,False
2024-05,거래처022,3056441,68729,2987712,0,2024-05-09 10:29:00,김팀장,False
2024-05,거래처023,2981508,34449,2947059,0,2024-05-02 15:09:00,박대리,False
2024-05,거래처024,3532163,35953,3496210,0,2024-05-04 16:51:00,김팀장,False
2024-05,거래처024,11548026,230960,11317066,0,2024-05-12 13:45:00,최사원,True
2024-05,거래처025,2622172,57030,2565142,0,2024-05-20 13:15:00,유실무,False
2024-05,거래처025,347699,6953,340746,0,2024-05-03 13:45:00,최사원,True
2024-05,거래처026,3360267,89816,3270451,0,2024-05-13 13:58:00,이과장,False
2024-05,거래처027,2435430,36272,2399158,0,2024-05-16 13:10:00,최사원,False
2024-05,거래처028,4640902,52726,4588176,0,2024-05-04 09:38:00,박대리,False
2024-05,거래처029,1623506,46735,1576771,0,2024-05-19 09:42:00,유실무,False
2024-05,거래처029,8296535,165930,5807574,2323031,2024-05-16 16:00:00,최사원,True
2024-05,거래처030,2805681,67831,2737850,0,2024-05-01 15:45:00,김팀장,False
2024-05,거래처030,1040649,20812,728454,291383,2024-05-20 16:00:00,최사원,True
2024-05,거래처031,4497056,116187,4380869,0,2024-05-19 15:20:00,최사원,False
2024-05,거래처032,2000186,25803,1974383,0,2024-05-06 17:18:00,이과장,False
2024-05,거래처033,2807292,37763,2769529,0,2024-05-07 14:49:00,이과장,False
2024-05,거래처034,3886206,79688,3806518,0,2024-05-07 16:04:00,유실무,False
2024-05,거래처035,1296645,23731,1272914,0,2024-05-03 12:55:00,유실무,False
2024-05,거래처036,1268964,19344,1249620,0,2024-05-14 17:51:00,이과장,False
2024-05,거래처037,2998490,55948,1471271,1471271,2024-05-09 17:20:00,최사원,False
2024-05,거래처038,4964910,118896,4846014,0,2024-05-08 16:10:00,이과장,False
2024-05,거래처039,3649177,41780,3607397,0,2024-05-14 17:24:00,박대리,False
2024-05,거래처041,4627823,87569,4540254,0,2024-05-12 15:02:00,김팀장,False
2024-05,거래처042,4492163,79967,2206098,2206098,2024-05-05 12:37:00,유실무,False
2024-05,거래처044,4915730,141423,4774307,0,2024-05-15 15:27:00,최사원,False
2024-05,거래처045,3327376,56029,3271347,0,2024-05-04 16:06:00,유실무,False
2024-05,거래처046,1381717,25580,1356137,0,2024-05-10 12:50:00,박대리,False
2024-05,거래처047,2036885,37668,1999217,0,2024-05-08 17:39:00,김팀장,False
2024-05,거래처048,1161587,17103,1144484,0,2024-05-04 16:59:00,최사원,False
2024-05,거래처049,3549161,47554,3501607,0,2024-05-09 16:36:00,이과장,False
2024-05,거래처050,2429037,61957,2367080,0,2024-05-16 17:46:00,유실무,False
2024-06,거래처001,1950905,32745,1918160,0,2024-06-01 12:19:00,박대리,False
2024-06,거래처002,4561301,69503,4491798,0,2024-06-09 14:30:00,이과장,False
2024-06,거래처003,3301167,73088,1614039,1614040,2024-06-04 16:22:00,김팀장,False
2024-06,거래처004,2185208,59485,2125723,0,2024-06-11 17:31:00,최사원,False
2024-06,거래처005,4126156,46240,4079916,0,2024-06-09 16:46:00,이과장,False
2024-06,거래처006,3381090,33890,3347200,0,2024-06-04 16:48:00,이과장,False
2024-06,거래처007,1998250,42415,977917,977918,2024-06-16 17:30:00,최사원,False
2024-06,거래처008,3735678,42103,3693575,0,2024-06-03 16:40:00,김팀장,False
2024-06,거래처009,2232035,44117,2187918,0,2024-06-16 16:57:00,김팀장,False
2024-06,거래처010,4904792,59594,4845198,0,2024-06-16 12:09:00,김팀장,False
2024-06,거래처013,4075246,45727,2014759,2014760,2024-06-13 09:33:00,박대리,False
2024-06,거래처014,1720098,23675,1696423,0,2024-06-20 15:43:00,이과장,False
2024-06,거래처016,2222396,43910,2178486,0,2024-06-14 16:40:00,이과장,False
2024-06,거래처017,3723259,85205,3638054,0,2024-06-16 17:50:00,박대리,False
2024-06,거래처018,1268321,27895,1240426,0,2024-06-12 13:14:00,이과장,False
2024-06,거래처019,4427818,93229,4334589,0,2024-06-16 12:47:00,유실무,False
2024-06,거래처020,4773894,71180,4702714,0,2024-06-06 13:57:00,유실무,False
2024-06,거래처021,1173243,34041,1139202,0,2024-06-15 13:16:00,박대리,False
2024-06,거래처022,4201722,106387,4095335,0,2024-06-10 12:24:00,유실무,False
2024-06,거래처023,4707602,47292,4660310,0,2024-06-15 15:52:00,박대리,False
2024-06,거래처024,1282651,35270,1247381,0,2024-06-06 13:23:00,김팀장,False
2024-06,거래처025,4232174,108129,4124045,0,2024-06-14 17:17:00,이과장,False
2024-06,거래처025,9620795,192415,9428380,0,2024-06-15 13:45:00,박대리,True
2024-06,거래처027,2113687,52377,2061310,0,2024-06-16 10:56:00,김팀장,False
2024-06,거래처030,3734369,82907,3651462,0,2024-06-03 11:32:00,박대리,False
2024-06,거래처030,5203245,104064,3642271,1456910,2024-06-18 16:00:00,김팀장,True
2024-06,거래처032,4812698,48657,2382020,2382021,2024-06-20 13:55:00,김팀장,False
2024-06,거래처033,1149511,12087,568712,568712,2024-06-16 16:06:00,최사원,False
2024-06,거래처034,3029381,71071,2958310,0,2024-06-03 16:21:00,최사원,False
2024-06,거래처036,3549834,45693,1752070,1752071,2024-06-15 17:23:00,박대리,False
2024-06,거래처039,1807937,46896,1761041,0,2024-06-13 11:45:00,박대리,False
2024-06,거래처040,1406337,33465,1372872,0,2024-06-07 13:33:00,최사원,False
2024-06,거래처041,4863731,112774,4750957,0,2024-06-01 10:52:00,박대리,False
2024-06,거래처043,4266604,52376,4214228,0,2024-06-14 11:36:00,이과장,False
2024-06,거래처044,2266186,35866,2230320,0,2024-06-15 16:35:00,최사원,False
2024-06,거래처045,2737019,81990,2655029,0,2024-06-01 14:26:00,김팀장,False
2024-06,거래처046,1089932,26944,1062988,0,2024-06-11 13:46:00,유실무,False
2024-06,거래처047,4129432,69555,4059877,0,2024-06-18 12:15:00,유실무,False
2024-06,거래처048,1247313,23615,1223698,0,2024-06-08 09:55:00,박대리,False
2024-06,거래처049,2598594,46590,2552004,0,2024-06-05 09:13:00,최사원,False
2024-06,거래처050,2727044,54298,1336373,1336373,2024-06-05 11:59:00,박대리,False
2024-07,거래처001,3761458,103078,1829190,1829190,2024-07-13 12:32:00,박대리,False
2024-07,거래처002,4942194,105915,4836279,0,2024-07-02 09:09:00,박대리,False
2024-07,거래처003,2697311,74128,2623183,0,2024-07-07 16:48:00,박대리,False
2024-07,거래처004,3360248,70084,3290164,0,2024-07-09 17:43:00,유실무,False
2024-07,거래처006,2953459,69039,2884420,0,2024-07-18 11:10:00,박대리,False
2024-07,거래처007,3639933,71239,3568694,0,2024-07-08 12:00:00,최사원,False
2024-07,거래처008,4131139,87329,4043810,0,2024-07-04 10:59:00,박대리,False
2024-07,거래처009,3318146,55543,3262603,0,2024-07-01 12:44:00,김팀장,False
2024-07,거래처010,2838935,42652,2796283,0,2024-07-01 13:01:00,이과장,False
2024-07,거래처012,2037293,25865,2011428,0,2024-07-13 15:14:00,박대리,False
2024-07,거래처013,3384280,89062,3295218,0,2024-07-12 17:32:00,박대리,False
2024-07,거래처014,2174736,28772,2145964,0,2024-07-14 12:57:00,박대리,False
2024-07,거래처015,1091386,16888,1074498,0,2024-07-18 09:46:00,박대리,False
2024-07,거래처016,3768653,41523,3727130,0,2024-07-02 12:25:00,이과장,False
2024-07,거래처017,4261821,81533,4180288,0,2024-07-02 16:35:00,이과장,False
2024-07,거래처018,4059005,50781,4008224,0,2024-07-01 12:03:00,최사원,False
2024-07,거래처019,1729055,18787,1710268,0,2024-07-01 14:28:00,김팀장,False
2024-07,거래처020,2844479,82142,2762337,0,2024-07-01 17:14:00,김팀장,False
2024-07,거래처021,2296974,64216,1116379,1116379,2024-07-16 16:56:00,유실무,False
2024-07,거래처022,3490026,82659,1703683,1703684,2024-07-20 11:14:00,김팀장,False
2024-07,거래처023,4261706,102398,4159308,0,2024-07-16 13:05:00,이과장,False
2024-07,거래처024,4777769,73199,4704570,0,2024-07-17 17:29:00,유실무,False
2024-07,거래처025,1780838,42717,1738121,0,2024-07-11 13:00:00,박대리,False
2024-07,거래처026,3645060,59233,3585827,0,2024-07-10 11:16:00,최사원,False
2024-07,거래처027,1550834,21816,1529018,0,2024-07-09 16:02:00,최사원,False
2024-07,거래처028,2815153,32195,2782958,0,2024-07-16 11:34:00,이과장,False
2024-07,거래처029,4680211,73211,4607000,0,2024-07-19 15:10:00,박대리,False
2024-07,거래처030,4146108,51005,2047551,2047552,2024-07-18 10:37:00,유실무,False
2024-07,거래처031,2671700,39511,2632189,0,2024-07-15 16:18:00,최사원,False
2024-07,거래처033,1064335,28627,1035708,0,2024-07-06 17:50:00,유실무,False
2024-07,거래처034,2803588,61433,1371077,1371078,2024-07-16 09:51:00,최사원,False
2024-07,거래처036,3505947,55944,3450003,0,2024-07-07 17:00:00,김팀장,False
2024-07,거래처037,1743928,39946,1703982,0,2024-07-19 09:28:00,유실무,False
2024-07,거래처038,3347480,94908,3252572,0,2024-07-10 14:00:00,유실무,False
2024-07,거래처039,1867916,41268,1826648,0,2024-07-18 12:30:00,박대리,False
2024-07,거래처040,3894261,109633,3784628,0,2024-07-15 15:03:00,유실무,False
2024-07,거래처041,4839522,99298,4740224,0,2024-07-07 14:58:00,박대리,False
2024-07,거래처042,4917305,72221,2422542,2422542,2024-07-06 10:58:00,최사원,False
2024-07,거래처043,4828230,77574,4750656,0,2024-07-04 09:21:00,이과장,False
2024-07,거래처044,2750318,57618,1346350,1346350,2024-07-03 13:43:00,최사원,False
2024-07,거래처045,2493726,38110,2455616,0,2024-07-10 13:59:00,박대리,False
2024-07,거래처046,3291950,41740,3250210,0,2024-07-14 16:50:00,김팀장,False
2024-07,거래처047,3851172,62295,3788877,0,2024-07-04 16:12:00,김팀장,False
2024-07,거래처048,2548145,58060,2490085,0,2024-07-08 13:30:00,박대리,False
2024-07,거래처049,1806810,42700,1764110,0,2024-07-01 13:17:00,박대리,False
2024-07,거래처050,3534473,105508,3428965,0,2024-07-02 17:35:00,최사원,False
2024-08,거래처001,2904244,51759,2852485,0,2024-08-08 11:18:00,김팀장,False
2024-08,거래처002,1393046,31023,1362023,0,2024-08-03 10:21:00,박대리,False
2024-08,거래처003,4562251,54695,4507556,0,2024-08-19 12:03:00,박대리,False
2024-08,거래처004,2864019,46347,2817672,0,2024-08-20 10:32:00,유실무,False
2024-08,거래처005,2215742,29501,2186241,0,2024-08-04 10:58:00,박대리,False
2024-08,거래처006,2500293,42005,2458288,0,2024-08-10 09:38:00,최사원,False
2024-08,거래처007,4099178,110144,3989034,0,2024-08-09 11:40:00,최사원,False
2024-08,거래처007,4790965,1628057,3162908,0,2024-08-05 10:15:00,유실무,True
2024-08,거래처008,2920261,40926,1439667,1439668,2024-08-16 17:42:00,이과장,False
2024-08,거래처009,1484690,23903,730393,730394,2024-08-05 10:18:00,김팀장,False
2024-08,거래처010,4191153,108661,4082492,0,2024-08-14 14:16:00,김팀장,False
2024-08,거래처011,3154230,62219,3092011,0,2024-08-17 10:51:00,김팀장,False
2024-08,거래처013,1685198,31265,1653933,0,2024-08-05 16:54:00,유실무,False
2024-08,거래처014,1158523,26307,1132216,0,2024-08-10 12:50:00,김팀장,False
2024-08,거래처015,1768184,39898,1728286,0,2024-08-12 13:45:00,김팀장,False
2024-08,거래처016,3435906,94786,3341120,0,2024-08-03 14:51:00,김팀장,False
2024-08,거래처017,1975932,40261,1935671,0,2024-08-03 17:11:00,이과장,False
2024-08,거래처018,2597649,75679,2521970,0,2024-08-05 12:28:00,김팀장,False
2024-08,거래처019,2151572,62291,2089281,0,2024-08-04 17:55:00,김팀장,False
2024-08,거래처020,3758289,44818,1856735,1856736,2024-08-01 11:19:00,최사원,False
2024-08,거래처021,1307867,21591,1286276,0,2024-08-19 09:27:00,최사원,False
2024-08,거래처022,4380714,103127,4277587,0,2024-08-16 14:24:00,김팀장,False
2024-08,거래처023,3007927,51448,2956479,0,2024-08-07 12:44:00,이과장,False
2024-08,거래처024,1300180,34540,1265640,0,2024-08-02 13:28:00,유실무,False
2024-08,거래처025,3803061,48764,3754297,0,2024-08-17 17:44:00,유실무,False
2024-08,거래처026,1972707,55090,1917617,0,2024-08-15 09:03:00,유실무,False
2024-08,거래처027,4311925,53677,4258248,0,2024-08-09 11:33:00,김팀장,False
2024-08,거래처028,3485742,54071,3431671,0,2024-08-04 10:34:00,박대리,False
2024-08,거래처029,1484232,29473,1454759,0,2024-08-14 09:15:00,박대리,False
2024-08,거래처031,4615690,57067,4558623,0,2024-08-01 12:17:00,김팀장,False
2024-08,거래처032,3906816,58017,3848799,0,2024-08-04 14:26:00,이과장,False
2024-08,거래처033,2808223,59027,1374598,1374598,2024-08-02 13:09:00,이과장,False
2024-08,거래처034,2041134,51594,1989540,0,2024-08-12 14:10:00,김팀장,False
2024-08,거래처035,1827124,32234,1794890,0,2024-08-14 14:16:00,이과장,False
2024-08,거래처036,3261273,37787,3223486,0,2024-08-15 16:43:00,최사원,False
2024-08,거래처037,4255224,67222,4188002,0,2024-08-15 10:46:00,이과장,False
2024-08,거래처038,2078069,23196,2054873,0,2024-08-01 11:35:00,이과장,False
2024-08,거래처039,4300703,127523,4173180,0,2024-08-08 09:02:00,이과장,False
2024-08,거래처040,1900285,48655,1851630,0,2024-08-19 12:15:00,최사원,False
2024-08,거래처041,2410958,41513,1184722,1184723,2024-08-13 14:11:00,박대리,False
2024-08,거래처042,3685519,41586,1821966,1821967,2024-08-18 11:06:00,이과장,False
2024-08,거래처043,4398250,94306,4303944,0,2024-08-12 15:08:00,박대리,False
2024-08,거래처044,3568076,103641,3464435,0,2024-08-19 16:29:00,박대리,False
2024-08,거래처045,3055100,46901,3008199,0,2024-08-15 15:20:00,김팀장,False
2024-08,거래처046,2923937,67815,2856122,0,2024-08-10 16:57:00,이과장,False
2024-08,거래처047,1800045,28215,1771830,0,2024-08-08 14:06:00,박대리,False
2024-08,거래처048,2450682,43908,1203387,1203387,2024-08-20 09:55:00,김팀장,False
2024-08,거래처049,2905709,83637,2822072,0,2024-08-01 12:04:00,이과장,False
2024-09,거래처001,2898823,55267,2843556,0,2024-09-09 17:25:00,박대리,False
2024-09,거래처002,2982022,84004,2898018,0,2024-09-07 10:59:00,최사원,False
2024-09,거래처004,4904669,103576,2400546,2400547,2024-09-04 11:27:00,박대리,False
2024-09,거래처005,2166325,51059,1057633,1057633,2024-09-12 15:08:00,유실무,False
2024-09,거래처008,2181343,48561,1066391,1066391,2024-09-02 09:44:00,박대리,False
2024-09,거래처009,3477894,78199,3399695,0,2024-09-06 17:46:00,박대리,False
2024-09,거래처009,4377949,1421484,2956465,0,2024-09-04 10:15:00,최사원,True
2024-09,거래처011,4021332,54345,3966987,0,2024-09-06 15:27:00,이과장,False
2024-09,거래처013,3802663,46390,1878136,1878137,2024-09-17 13:00:00,박대리,False
2024-09,거래처014,1967725,50538,958593,958594,2024-09-01 14:15:00,이과장,False
2024-09,거래처015,3201989,80692,3121297,0,2024-09-13 09:54:00,최사원,False
2024-09,거래처017,3018849,84288,2934561,0,2024-09-17 15:41:00,최사원,False
2024-09,거래처018,1003852,15736,988116,0,2024-09-18 16:20:00,최사원,False
2024-09,거래처019,1708125,20318,1687807,0,2024-09-08 15:18:00,박대리,False
2024-09,거래처020,2124671,41964,1041353,1041354,2024-09-11 14:52:00,유실무,False
2024-09,거래처021,4904971,55592,4849379,0,2024-09-03 15:24:00,최사원,False
2024-09,거래처022,2549034,39831,1254601,1254602,2024-09-04 16:22:00,유실무,False
2024-09,거래처023,3720949,50460,3670489,0,2024-09-01 11:33:00,최사원,False
2024-09,거래처024,2609334,70584,2538750,0,2024-09-07 12:38:00,박대리,False
2024-09,거래처026,4278317,76519,4201798,0,2024-09-16 11:07:00,유실무,False
2024-09,거래처027,3427946,50294,3377652,0,2024-09-19 15:02:00,유실무,False
2024-09,거래처029,2254249,49696,2204553,0,2024-09-08 14:08:00,이과장,False
2024-09,거래처031,3081716,78567,3003149,0,2024-09-02 11:40:00,이과장,False
2024-09,거래처032,1004059,13612,990447,0,2024-09-12 17:02:00,박대리,False
2024-09,거래처033,3088342,88583,2999759,0,2024-09-10 11:47:00,이과장,False
2024-09,거래처034,4928093,138551,4789542,0,2024-09-03 09:55:00,최사원,False
2024-09,거래처035,4838591,62349,4776242,0,2024-09-02 10:52:00,이과장,False
2024-09,거래처036,1368092,21294,1346798,0,2024-09-12 14:14:00,유실무,False
2024-09,거래처037,3915179,47862,3867317,0,2024-09-17 13:49:00,김팀장,False
2024-09,거래처038,3607886,96998,3510888,0,2024-09-20 09:07:00,최사원,False
2024-09,거래처039,2476480,46746,2429734,0,2024-09-17 14:16:00,김팀장,False
2024-09,거래처040,3860724,113607,3747117,0,2024-09-07 16:09:00,유실무,False
2024-09,거래처041,4908770,139654,4769116,0,2024-09-05 11:27:00,박대리,False
2024-09,거래처042,3865763,81965,3783798,0,2024-09-07 09:37:00,김팀장,False
2024-09,거래처044,1052497,13333,1039164,0,2024-09-19 14:00:00,김팀장,False
2024-09,거래처045,3566907,90572,3476335,0,2024-09-18 12:31:00,유실무,False
2024-09,거래처046,1203193,27182,1176011,0,2024-09-10 14:58:00,박대리,False
2024-09,거래처047,4127199,106046,4021153,0,2024-09-10 15:27:00,유실무,False
2024-09,거래처048,1931415,25684,1905731,0,2024-09-15 15:39:00,최사원,False
2024-09,거래처049,2745223,62589,2682634,0,2024-09-01 13:52:00,유실무,False
2024-09,거래처050,1529243,36778,1492465,0,2024-09-14 10:21:00,박대리,False
2024-10,거래처001,4459353,70194,2194579,2194580,2024-10-07 11:30:00,김팀장,False
2024-10,거래처002,4811405,125561,4685844,0,2024-10-01 11:19:00,박대리,False
2024-10,거래처003,3313177,56737,3256440,0,2024-10-11 13:11:00,김팀장,False
2024-10,거래처004,1945688,52706,1892982,0,2024-10-07 13:15:00,박대리,False
2024-10,거래처005,2474716,33919,2440797,0,2024-10-08 09:46:00,최사원,False
2024-10,거래처006,2021973,59200,1962773,0,2024-10-04 17:18:00,유실무,False
2024-10,거래처007,3322670,97533,1612568,1612569,2024-10-06 12:30:00,김팀장,False
2024-10,거래처008,4245080,120618,4124462,0,2024-10-09 14:28:00,최사원,False
2024-10,거래처008,2302816,619997,1682819,0,2024-10-18 10:15:00,유실무,True
2024-10,거래처009,2095848,40455,2055393,0,2024-10-06 14:48:00,김팀장,False
2024-10,거래처010,3375703,80101,1647801,1647801,2024-10-14 17:29:00,이과장,False
2024-10,거래처010,3971002,1577184,2393818,0,2024-10-17 10:15:00,유실무,True
2024-10,거래처011,1677234,21675,1655559,0,2024-10-08 10:05:00,이과장,False
2024-10,거래처012,1376019,21720,1354299,0,2024-10-05 09:52:00,이과장,False
2024-10,거래처013,1432220,26772,1405448,0,2024-10-11 14:57:00,이과장,False
2024-10,거래처014,3527710,46426,3481284,0,2024-10-15 14:12:00,최사원,False
2024-10,거래처015,4079833,85796,3994037,0,2024-10-06 16:02:00,이과장,False
2024-10,거래처016,3321070,39051,3282019,0,2024-10-03 13:48:00,김팀장,False
2024-10,거래처017,1500719,41542,1459177,0,2024-10-01 09:52:00,이과장,False
2024-10,거래처018,1451409,41580,1409829,0,2024-10-18 15:35:00,김팀장,False
2024-10,거래처019,2378126,43479,2334647,0,2024-10-05 11:42:00,이과장,False
2024-10,거래처020,2622758,73305,2549453,0,2024-10-01 09:12:00,유실무,False
2024-10,거래처021,4262568,85774,4176794,0,2024-10-06 11:25:00,이과장,False
2024-10,거래처022,4739831,96722,4643109,0,2024-10-15 16:02:00,김팀장,False
2024-10,거래처023,1457819,38628,709595,709596,2024-10-04 11:23:00,최사원,False
2024-10,거래처024,3455482,101582,3353900,0,2024-10-14 14:48:00,이과장,False
2024-10,거래처025,2838550,82616,2755934,0,2024-10-09 10:41:00,김팀장,False
2024-10,거래처026,3848166,86132,3762034,0,2024-10-08 14:41:00,최사원,False
2024-10,거래처027,2596127,60551,2535576,0,2024-10-17 15:32:00,박대리,False
2024-10,거래처028,4636982,104343,2266319,2266320,2024-10-10 14:46:00,유실무,False
2024-10,거래처029,4170370,72653,4097717,0,2024-10-07 11:48:00,이과장,False
2024-10,거래처030,3695682,56506,1819588,1819588,2024-10-08 14:36:00,이과장,False
2024-10,거래처031,2117250,52666,2064584,0,2024-10-12 12:42:00,유실무,False
2024-10,거래처032,2836596,28713,2807883,0,2024-10-10 16:52:00,유실무,False
2024-10,거래처033,4768046,137416,4630630,0,2024-10-20 09:28:00,이과장,False
2024-10,거래처034,3361261,83489,3277772,0,2024-10-05 12:41:00,유실무,False
2024-10,거래처035,1278867,13497,1265370,0,2024-10-11 17:12:00,유실무,False
2024-10,거래처037,1545129,36741,754194,754194,2024-10-20 12:34:00,유실무,False
2024-10,거래처038,3092054,42811,1524621,1524622,2024-10-07 15:11:00,박대리,False
2024-10,거래처039,3895381,89658,3805723,0,2024-10-05 11:04:00,이과장,False
2024-10,거래처040,1745227,40505,1704722,0,2024-10-16 10:12:00,박대리,False
2024-10,거래처041,3924673,51340,3873333,0,2024-10-07 12:21:00,유실무,False
2024-10,거래처042,2828094,59520,2768574,0,2024-10-08 13:37:00,최사원,False
2024-10,거래처043,3139710,61521,3078189,0,2024-10-11 17:05:00,최사원,False
2024-10,거래처044,4510910,120307,4390603,0,2024-10-03 13:45:00,이과장,False
2024-10,거래처045,2626176,73267,2552909,0,2024-10-05 09:14:00,이과장,False
2024-10,거래처046,4912194,71861,4840333,0,2024-10-16 09:24:00,박대리,False
2024-10,거래처047,2314679,68823,1122928,1122928,2024-10-02 12:55:00,박대리,False
2024-10,거래처048,1302703,29322,1273381,0,2024-10-10 12:44:00,유실무,False
2024-10,거래처049,1229489,33249,598120,598120,2024-10-18 10:47:00,이과장,False
2024-10,거래처050,2154376,46501,2107875,0,2024-10-19 09:34:00,김팀장,False
2024-11,거래처001,2947996,30113,2917883,0,2024-11-07 16:01:00,이과장,False
2024-11,거래처002,3925165,58099,3867066,0,2024-11-10 11:50:00,이과장,False
2024-11,거래처003,3646835,107213,3539622,0,2024-11-19 12:27:00,최사원,False
2024-11,거래처004,3173080,54817,1559131,1559132,2024-11-02 14:57:00,김팀장,False
2024-11,거래처005,4661307,110976,4550331,0,2024-11-18 09:27:00,김팀장,False
2024-11,거래처006,1687862,21991,1665871,0,2024-11-17 17:26:00,이과장,False
2024-11,거래처007,3073576,43465,1515055,1515056,2024-11-17 12:38:00,유실무,False
2024-11,거래처008,1353172,27478,1325694,0,2024-11-10 12:46:00,최사원,False
2024-11,거래처009,4375533,66323,4309210,0,2024-11-03 16:58:00,최사원,False
2024-11,거래처010,2348737,25020,2323717,0,2024-11-06 16:24:00,이과장,False
2024-11,거래처011,2015960,54606,980677,980677,2024-11-20 09:14:00,최사원,False
2024-11,거래처012,2897869,43480,1427194,1427195,2024-11-04 17:29:00,박대리,False
2024-11,거래처013,2038879,50539,1988340,0,2024-11-13 11:59:00,박대리,False
2024-11,거래처014,4844936,85843,4759093,0,2024-11-06 16:49:00,김팀장,False
2024-11,거래처015,1819922,49875,1770047,0,2024-11-05 09:18:00,박대리,False
2024-11,거래처016,3035029,88239,1473395,1473395,2024-11-10 15:13:00,박대리,False
2024-11,거래처017,2881661,80854,1400403,1400404,2024-11-11 13:43:00,김팀장,False
2024-11,거래처018,3400280,57976,3342304,0,2024-11-19 16:35:00,유실무,False
2024-11,거래처019,2567228,76488,2490740,0,2024-11-07 10:54:00,유실무,False
2024-11,거래처020,2247246,51273,2195973,0,2024-11-14 16:53:00,이과장,False
2024-11,거래처021,1358221,26718,1331503,0,2024-11-18 16:37:00,유실무,False
2024-11,거래처022,3208477,72384,3136093,0,2024-11-18 09:26:00,박대리,False
2024-11,거래처023,3650158,41596,3608562,0,2024-11-08 16:06:00,이과장,False
2024-11,거래처024,2894762,51836,2842926,0,2024-11-08 14:03:00,최사원,False
2024-11,거래처025,1395337,28350,1366987,0,2024-11-08 09:12:00,김팀장,False
2024-11,거래처026,4037121,58182,3978939,0,2024-11-05 09:20:00,유실무,False
2024-11,거래처027,1077187,24858,1052329,0,2024-11-04 10:17:00,박대리,False
2024-11,거래처028,4202487,51268,4151219,0,2024-11-08 12:03:00,박대리,False
2024-11,거래처029,2858735,52404,2806331,0,2024-11-08 17:23:00,이과장,False
2024-11,거래처030,4087474,79944,2003765,2003765,2024-11-10 10:56:00,김팀장,False
2024-11,거래처031,4582837,104413,4478424,0,2024-11-14 15:27:00,유실무,False
2024-11,거래처032,4645849,131758,4514091,0,2024-11-04 09:29:00,이과장,False
2024-11,거래처034,3492008,95515,1698246,1698247,2024-11-17 12:54:00,최사원,False
2024-11,거래처035,4385796,122870,4262926,0,2024-11-14 11:35:00,이과장,False
2024-11,거래처036,1030746,17184,1013562,0,2024-11-01 15:14:00,유실무,False
2024-11,거래처037,2385418,66807,2318611,0,2024-11-20 12:07:00,이과장,False
2024-11,거래처038,1731829,48847,1682982,0,2024-11-03 16:21:00,김팀장,False
2024-11,거래처039,4701885,106136,2297874,2297875,2024-11-14 10:18:00,김팀장,False
2024-11,거래처040,4464086,93797,4370289,0,2024-11-18 11:03:00,이과장,False
2024-11,거래처041,2571338,59437,2511901,0,2024-11-13 09:38:00,최사원,False
2024-11,거래처043,4027058,112943,3914115,0,2024-11-02 10:41:00,유실무,False
2024-11,거래처044,4255321,100622,4154699,0,2024-11-14 09:00:00,유실무,False
2024-11,거래처045,4437350,53736,4383614,0,2024-11-06 16:13:00,최사원,False
2024-11,거래처046,4891024,72252,4818772,0,2024-11-02 11:30:00,김팀장,False
2024-11,거래처047,1028516,15505,1013011,0,2024-11-13 17:03:00,최사원,False
2024-11,거래처049,4409560,54318,4355242,0,2024-11-19 09:35:00,이과장,False
2024-11,거래처050,4896179,103902,4792277,0,2024-11-02 09:42:00,박대리,False
2024-12,거래처001,25511512,510230,7653453,17347829,2024-12-29 14:30:00,유실무,True
2024-12,거래처002,4364255,45693,4318562,0,2024-12-16 15:43:00,박대리,False
2024-12,거래처002,24441872,488837,7332561,16620474,2024-12-27 14:30:00,박대리,True
2024-12,거래처003,3598055,56378,3541677,0,2024-12-01 10:18:00,김팀장,False
2024-12,거래처003,22028351,440567,6608505,14979279,2024-12-26 14:30:00,박대리,True
2024-12,거래처004,2364381,28997,1167692,1167692,2024-12-08 13:03:00,유실무,False
2024-12,거래처004,28956016,579120,8686804,19690092,2024-12-21 14:30:00,김팀장,True
2024-12,거래처005,2630741,45906,1292417,1292418,2024-12-06 12:08:00,박대리,False
2024-12,거래처005,28819999,576399,8645999,19597601,2024-12-24 14:30:00,최사원,True
2024-12,거래처006,3811336,50002,3761334,0,2024-12-13 17:58:00,유실무,False
2024-12,거래처008,3172740,62884,1554928,1554928,2024-12-06 12:23:00,김팀장,False
2024-12,거래처009,3240198,61782,3178416,0,2024-12-10 15:23:00,유실무,False
2024-12,거래처010,4715643,64245,4651398,0,2024-12-19 12:37:00,이과장,False
2024-12,거래처011,4445106,131604,4313502,0,2024-12-04 11:17:00,이과장,False
2024-12,거래처012,3236352,90335,1573008,1573009,2024-12-11 11:14:00,김팀장,False
2024-12,거래처013,1847723,33764,1813959,0,2024-12-04 15:41:00,최사원,False
2024-12,거래처014,4730540,123690,4606850,0,2024-12-10 16:16:00,박대리,False
2024-12,거래처015,2571242,64616,1253313,1253313,2024-12-03 15:11:00,김팀장,False
2024-12,거래처016,2574899,48329,2526570,0,2024-12-08 16:01:00,박대리,False
2024-12,거래처017,3333089,67263,3265826,0,2024-12-08 12:15:00,박대리,False
2024-12,거래처018,3763121,79143,3683978,0,2024-12-16 16:34:00,김팀장,False
2024-12,거래처019,3939957,84539,3855418,0,2024-12-04 15:49:00,박대리,False
2024-12,거래처020,1355025,29272,662876,662877,2024-12-12 14:24:00,유실무,False
2024-12,거래처021,1496351,21513,1474838,0,2024-12-02 17:30:00,이과장,False
2024-12,거래처023,3571735,80927,1745404,1745404,2024-12-08 12:58:00,유실무,False
2024-12,거래처024,1087725,26192,1061533,0,2024-12-10 17:10:00,이과장,False
2024-12,거래처025,1253853,16853,618500,618500,2024-12-02 16:10:00,박대리,False
2024-12,거래처026,2438787,49802,2388985,0,2024-12-14 13:44:00,유실무,False
2024-12,거래처027,4170939,72484,4098455,0,2024-12-18 09:39:00,박대리,False
2024-12,거래처028,1602449,16546,792951,792952,2024-12-15 15:58:00,박대리,False
2024-12,거래처029,3475360,47614,3427746,0,2024-12-08 09:37:00,유실무,False
2024-12,거래처031,4889640,76742,4812898,0,2024-12-19 09:45:00,유실무,False
2024-12,거래처032,4235410,100070,4135340,0,2024-12-07 09:49:00,이과장,False
2024-12,거래처033,2354549,61153,2293396,0,2024-12-11 17:37:00,유실무,False
2024-12,거래처034,1113959,15705,1098254,0,2024-12-09 13:29:00,최사원,False
2024-12,거래처035,2503907,48948,1227479,1227480,2024-12-16 09:51:00,최사원,False
2024-12,거래처036,2610375,68744,2541631,0,2024-12-20 14:27:00,박대리,False
2024-12,거래처037,1725619,35433,1690186,0,2024-12-18 17:12:00,김팀장,False
2024-12,거래처039,3153499,74498,3079001,0,2024-12-01 15:00:00,유실무,False
2024-12,거래처041,2193104,27643,2165461,0,2024-12-18 17:55:00,유실무,False
2024-12,거래처042,2573413,65356,1254028,1254029,2024-12-16 10:39:00,유실무,False
2024-12,거래처043,2504683,67176,2437507,0,2024-12-10 09:44:00,이과장,False
2024-12,거래처044,2994206,39175,2955031,0,2024-12-13 14:21:00,최사원,False
2024-12,거래처045,2400624,25264,1187680,1187680,2024-12-20 09:06:00,유실무,False
2024-12,거래처046,3719948,98818,3621130,0,2024-12-03 12:22:00,박대리,False
2024-12,거래처047,3560163,67465,3492698,0,2024-12-15 11:00:00,유실무,False
2024-12,거래처048,4842677,51429,2395624,2395624,2024-12-07 11:37:00,김팀장,False
2024-12,거래처049,4509621,99984,4409637,0,2024-12-17 12:51:00,유실무,False
2024-12,거래처050,1086133,22437,1063696,0,2024-12-20 09:03:00,최사원,False
